accept_stat__,stepsize__,treedepth__,n_leapfrog__,divergent__,energy__,lp__
0.924241,0.511677,3,7,0,236.562,-171.363
0.742745,0.421406,3,7,0,206.113,-178.733
0.141059,0.130478,3,7,0,215.062,-178.599
0.986475,0.1306,5,31,0,215.275,-177.875
1,0.141543,5,31,0,212.941,-174.278
0.999199,0.159531,5,31,0,207.984,-166.377
0.781181,0.120728,5,31,0,200.72,-165.245
0.998447,0.140974,5,31,0,197.478,-162.077
0.946906,0.150676,5,31,0,202.992,-171.635
0.998512,0.181286,5,31,0,207.985,-172.172
0.866854,0.166327,4,15,0,199.027,-160.595
0.98936,0.19922,5,31,0,193.067,-153.905
0.966843,0.228588,4,15,0,180.675,-152.868
0.920086,0.237573,4,15,0,180.155,-157.228
0.961644,0.271182,4,15,0,182.864,-162.483
0.835592,0.234428,4,15,0,197.434,-166.896
0.932787,0.251643,4,15,0,205.303,-172.259
0.991059,0.307979,4,15,0,200.84,-172.106
0.936659,0.334108,4,15,0,205.471,-166.275
0.868705,0.311486,4,15,0,202.021,-165.01
0.83536,0.269616,4,15,0,201.049,-167.927
0.941643,0.296049,4,15,0,205.623,-176.357
1,0.370285,4,15,0,200.898,-162.269
0.702218,0.238498,4,15,0,203.099,-160.053
0.846447,0.212062,4,15,0,202.357,-163.402
0.937475,0.230902,4,15,0,197.607,-166.64
0.986087,0.279884,4,15,0,197.66,-166.57
0.854762,0.253737,4,15,0,204.462,-166.826
0.993768,0.312462,4,15,0,188.467,-154.896
0.842346,0.275806,4,15,0,189.819,-166.476
0.964123,0.317897,4,15,0,200.966,-170.838
0.98115,0.379893,4,15,0,204.531,-170.131
0.92102,0.398003,3,7,0,204.377,-163.079
0,0.0570351,4,9,1,198.243,-165.514
0.998362,0.0710672,6,63,0,200.904,-170.32
0.976175,0.0843114,6,63,0,210.437,-170.008
0.982329,0.101224,5,31,0,207.967,-157.814
0.913413,0.104828,5,31,0,194.141,-167.165
1,0.130375,5,31,0,191.786,-158.816
0.977419,0.154345,5,31,0,187.433,-164.48
0.955671,0.174334,5,31,0,202.238,-163.081
0.939744,0.190279,5,31,0,215.085,-174.324
0.965858,0.219131,5,31,0,205.59,-176.194
0.412133,0.0799881,4,15,0,216.478,-174.324
0.999833,0.0990618,6,63,0,206.265,-167.943
0.995857,0.12147,5,31,0,193.637,-161.057
0.9951,0.148463,5,31,0,187.724,-165.577
0.996062,0.181504,5,31,0,186.598,-159.721
0.96042,0.206068,5,31,0,184.753,-161.391
0.935536,0.222247,5,31,0,199.814,-162.884
1,0.272714,4,15,0,186.855,-163.001
0.963808,0.310699,4,15,0,203.556,-175.031
0.478963,0.134434,4,15,0,206.833,-173.956
0.898659,0.134827,5,31,0,210.334,-175.083
0.994105,0.163311,5,31,0,215.34,-173.959
0.84909,0.148432,5,31,0,208.941,-164.205
0.962788,0.168742,5,31,0,196.035,-162.726
0.985658,0.200377,5,31,0,193.705,-165.052
0.826582,0.174384,4,15,0,216.512,-180.403
0.999868,0.212521,5,31,0,210.488,-166.634
1,0.258639,4,15,0,198.781,-167.259
0.404854,0.100207,4,15,0,190.744,-159.807
0.973072,0.116001,5,31,0,195.864,-161.697
0.999105,0.140943,5,31,0,187.439,-162.524
0.979114,0.164612,5,31,0,197.317,-161.563
0.901983,0.165976,5,31,0,196.86,-166.359
0.996005,0.199725,5,31,0,193.046,-164.784
0.893136,0.197899,4,15,0,210.361,-170.506
1,0.239397,5,31,0,201.428,-168.54
1,0.289158,4,15,0,204.05,-170.859
1,0.34874,4,15,0,209.844,-172.013
0.993979,0.41534,4,15,0,200.658,-169.305
0.398388,0.165364,4,15,0,206.13,-171.235
0.976134,0.190909,5,31,0,217.612,-171.017
0.910796,0.195429,5,31,0,209.438,-178.231
0.997992,0.234342,4,15,0,211.843,-165.538
0.758835,0.182048,4,15,0,202.817,-160.054
0.936963,0.195337,5,31,0,190.038,-159.24
0.983703,0.227824,4,15,0,191.149,-165.71
0.935326,0.243402,4,15,0,201.584,-169.97
0.987822,0.285407,4,15,0,200.652,-167.574
0.988331,0.334566,4,15,0,197.655,-168.284
0.00220799,0.0684502,4,15,0,206.314,-173.576
0.998701,0.0820528,6,63,0,212.85,-174.088
0.999525,0.0983692,6,63,0,198.68,-158.109
0.991983,0.116229,5,31,0,188.635,-163.416
0.99521,0.13794,5,31,0,190.623,-168.353
0.949567,0.151038,5,31,0,219.644,-173.318
0.971542,0.171681,5,31,0,214.452,-178.264
0.988361,0.200704,5,31,0,208.174,-163.805
0.993648,0.236514,4,15,0,193.503,-166.104
0.934967,0.25177,4,15,0,200.059,-173.899
0.00133784,0.0544362,4,15,0,208.183,-171.26
0.997589,0.06476,6,63,0,212.804,-179.589
1,0.0772635,6,63,0,217.951,-174.813
0.992622,0.090928,6,63,0,200.978,-171.284
0.9984,0.107934,6,63,0,199.845,-162.571
0.983525,0.124816,5,31,0,195.624,-169.61
1,0.148224,5,31,0,201.105,-168.973
0.988661,0.172527,5,31,0,196.975,-167.246
1,0.204424,5,31,0,188.16,-158.588
0.960414,0.226597,5,31,0,187.782,-162.53
0.980041,0.259266,4,15,0,189.124,-164.377
1,0.306274,4,15,0,190.004,-161.397
0.995227,0.358595,4,15,0,189.282,-162.858
9.69862e-15,0.0824723,4,15,0,204.29,-159.943
0.998712,0.0974207,6,63,0,187.663,-158.261
0.982742,0.112012,5,31,0,198.857,-160.594
0.905252,0.113505,5,31,0,199.507,-159.468
0.983111,0.130402,5,31,0,185.459,-154.125
0.971566,0.146929,5,31,0,185.289,-162.48
0.991612,0.170829,5,31,0,185.667,-165.064
0.943047,0.183608,5,31,0,201.432,-170.134
0.971351,0.206354,5,31,0,215.933,-177.654
0.9891,0.238378,4,15,0,210.581,-164.398
0.96081,0.263072,4,15,0,206.476,-176.351
0.860605,0.247687,4,15,0,208.305,-173.437
1,0.290532,4,15,0,208.347,-166.041
0.910071,0.295642,4,15,0,201.719,-173.695
0.56173,0.1744,4,15,0,217.394,-182.703
0.0449167,0.0460763,6,63,0,223.036,-165.064
0.99912,0.0541374,7,127,0,193.686,-168.677
0.995285,0.0631708,6,63,0,217.251,-184.116
0.998858,0.0740521,6,63,0,221.819,-180.938
0.99848,0.0866758,6,63,0,217.201,-178.427
0.996122,0.100991,6,63,0,211.246,-158.939
0.998578,0.11801,6,63,0,181.14,-161.588
0.999793,0.138029,5,31,0,189.449,-154.818
0.987288,0.158252,5,31,0,181.625,-161.213
0.986413,0.181056,5,31,0,190.387,-163.333
0.979336,0.204778,5,31,0,195.204,-163.423
0.933595,0.215985,5,31,0,197.225,-169.349
0.92797,0.225813,4,15,0,202.9,-172.859
0.97508,0.253352,4,15,0,209.027,-166.275
0.916885,0.260333,4,15,0,206.38,-167.573
0.994062,0.30018,4,15,0,197.982,-163.311
0.937909,0.318077,4,15,0,198.617,-165.709
0.907466,0.322023,4,15,0,197.65,-168.692
0.99441,0.370858,4,15,0,197.738,-155.824
0.857586,0.348587,4,15,0,181.247,-159.661
0.742539,0.276604,4,15,0,186.48,-157.83
0.851113,0.257813,4,15,0,194.568,-163.195
0.956985,0.280787,4,15,0,197.933,-164.624
0.342737,0.124413,4,15,0,200.747,-164.737
0.985885,0.141543,5,31,0,194.61,-165.955
0.986571,0.161082,5,31,0,196.555,-155.699
0.765259,0.132848,5,31,0,188.653,-158.452
0.99187,0.152272,5,31,0,186.725,-162.155
0.98848,0.173562,5,31,0,191.283,-159.181
0.982004,0.195859,5,31,0,187.005,-163.23
0.932404,0.205685,5,31,0,200.498,-163.578
0.940973,0.218618,4,15,0,193.594,-165.315
0.984344,0.247156,4,15,0,198.039,-159.882
0.897886,0.246847,4,15,0,191.716,-160.447
1,0.285091,4,15,0,186.265,-159.916
0.989085,0.323967,4,15,0,183.75,-159.176
0.841263,0.298435,4,15,0,193.104,-159.482
0.965349,0.327705,4,15,0,187.759,-162.293
0.640526,0.227598,4,15,0,204.799,-157.221
1,0.262444,4,15,0,178.474,-154.812
0.935619,0.276315,4,15,0,187.199,-156.408
0.811355,0.244443,4,15,0,188.162,-159.193
0.960475,0.266422,4,15,0,189.011,-163.687
0.217232,0.10315,4,15,0,202.355,-164.129
1,0.118962,5,31,0,193.474,-160.434
0.942362,0.126582,5,31,0,197.431,-165.37
0.985434,0.142909,5,31,0,196.794,-163.459
0.998881,0.164267,5,31,0,193.454,-165.809
0.873375,0.158771,5,31,0,199.661,-161.028
0.911528,0.161734,5,31,0,186.113,-160.751
0.993303,0.184255,5,31,0,187.024,-160.394
0.666641,0.134266,5,31,0,199.492,-168.448
0.966878,0.147524,5,31,0,213.821,-179.768
0.998598,0.169163,5,31,0,214.033,-170.734
0.424036,0.0889027,5,31,0,208.319,-173.939
0.996743,0.101739,6,63,0,199.414,-173.535
1,0.116871,5,31,0,204.101,-171.256
0.991845,0.132702,5,31,0,208.01,-167.507
0.99406,0.15104,5,31,0,201.504,-169.001
0.999447,0.173059,5,31,0,200.078,-165.747
0.81828,0.155491,5,31,0,200.274,-169.338
1,0.178169,5,31,0,195.28,-168.547
0.971238,0.196359,5,31,0,203.391,-169.791
0.99413,0.223,4,15,0,194.245,-159.417
0.989199,0.251462,4,15,0,190.206,-158.512
0.952811,0.270078,4,15,0,184.543,-156.206
0.895465,0.268822,4,15,0,186.111,-160.456
0.801779,0.236486,4,15,0,194.039,-160.851
0.995167,0.268457,4,15,0,190.194,-158.39
0.908403,0.271795,4,15,0,184.255,-159.609
0.956857,0.293191,4,15,0,188.768,-157.128
0.966664,0.320248,4,15,0,188.518,-161.276
0.863241,0.305541,4,15,0,193.095,-165.703
0.932283,0.318984,4,15,0,197.632,-159.192
0.666448,0.235732,4,15,0,188.757,-168.179
0.993341,0.266469,4,15,0,198.479,-167.931
0.943468,0.28225,4,15,0,196.873,-161.405
0.442794,0.156608,4,15,0,188.8,-159.236
0.905954,0.158191,5,31,0,196.646,-166.199
0.981179,0.176008,5,31,0,199.206,-170.127
0.647043,0.127499,5,31,0,201.029,-167.897
0.995617,0.144505,5,31,0,202.873,-168.186
0.999153,0.164437,5,31,0,200.283,-163.532
0.922903,0.16969,5,31,0,197.88,-166.073
0.930093,0.176698,5,31,0,199.34,-171.277
0.954485,0.189753,5,31,0,205.216,-176.174
0.964785,0.206392,5,31,0,220.442,-183.555
0.996695,0.233659,4,15,0,214.515,-166.559
0.973505,0.256768,4,15,0,191.231,-161.786
0.643637,0.186129,4,15,0,200.244,-172.895
1,0.211482,4,15,0,203.465,-165.293
0.988861,0.236834,4,15,0,200.96,-168.836
1,0.268833,4,15,0,200.852,-168.848
0.927777,0.278669,4,15,0,203.912,-165.39
0.936082,0.291832,4,15,0,199.228,-167.549
0.818637,0.263981,4,15,0,210.112,-168.728
0.861456,0.251939,4,15,0,194.173,-158.589
0.869233,0.24282,4,15,0,194.64,-162.774
0.847629,0.227885,4,15,0,205.297,-172.162
0.946977,0.241869,4,15,0,213.379,-171.875
0.746431,0.200399,4,15,0,212.088,-171.875
0.992506,0.224964,5,31,0,202.977,-171.418
0.991246,0.252039,4,15,0,199.587,-155.445
0.903409,0.253419,4,15,0,194.397,-170.741
0.849313,0.23847,4,15,0,211.381,-176.636
0.624341,0.170494,4,15,0,216.535,-179.213
0.953823,0.182427,5,31,0,213.815,-172.15
1,0.206434,5,31,0,197.153,-160.641
0.900546,0.206906,4,15,0,202.377,-164.559
0.686204,0.15989,6,63,0,196.403,-161.117
0.518194,0.100905,5,31,0,197.647,-174.113
0.0220578,0.0350151,5,31,0,207.282,-175.594
0.9976,0.0395814,7,127,0,200.68,-163.202
0.995503,0.0446101,7,127,0,210.067,-176.042
0.766431,0.0381569,6,63,0,208.162,-164.928
0.999962,0.0432191,7,127,0,193.22,-160.407
0.998092,0.0488212,7,127,0,198.012,-164.826
0.997006,0.0550537,7,127,0,195.854,-159.314
0.996316,0.0620038,6,63,0,192.938,-156.716
0.991804,0.0694273,6,63,0,194.449,-156.881
0.996101,0.0781064,6,63,0,187.909,-152.966
0.990843,0.0872871,6,63,0,178.617,-155.047
0.977551,0.0959841,5,31,0,191.99,-165.895
0.994054,0.107593,5,31,0,199.46,-168.371
0.927225,0.111406,5,31,0,208.26,-164.836
0.991042,0.124355,5,31,0,194.587,-163.141
0.985473,0.137849,5,31,0,195.287,-159.351
0.942259,0.145189,5,31,0,203.89,-165.228
0.998417,0.163304,5,31,0,202.702,-171.913
1,0.183946,5,31,0,200.063,-167.298
0.980431,0.202428,5,31,0,199.036,-159.998
0.946731,0.214104,4,15,0,196.897,-157.871
0.929837,0.221997,4,15,0,190.55,-156.456
0.189897,0.0973154,4,15,0,195.735,-157.707
0.981859,0.107315,5,31,0,183.636,-163.838
0.993742,0.119944,5,31,0,194.206,-161.694
0.967969,0.130071,5,31,0,207.637,-169.82
0.998903,0.146146,5,31,0,203.825,-164.503
0.98107,0.160801,5,31,0,199.127,-160.845
0.982976,0.177258,5,31,0,195.943,-165.904
0.964006,0.191122,5,31,0,202.724,-173.816
0.977975,0.209348,5,31,0,208.38,-170.7
0.986761,0.231564,5,31,0,207.192,-164.985
1,0.259962,4,15,0,195.575,-162.29
0.997394,0.290864,4,15,0,188.411,-161.601
0.941805,0.305336,4,15,0,193.194,-167.847
1,0.342433,4,15,0,206.145,-170.946
1,0.383895,4,15,0,203.617,-165.291
0.563056,0.262002,4,15,0,196.061,-163.361
0.562148,0.178846,4,15,0,206.271,-163.487
0.985304,0.19729,5,31,0,191.988,-164.423
0.984562,0.217386,4,15,0,190.521,-159.975
0.970716,0.235744,4,15,0,187.912,-162.979
0.928886,0.243828,4,15,0,188.206,-156.69
0.888036,0.240842,4,15,0,196.341,-167.505
0.669804,0.186212,4,15,0,198.513,-167.827
0.889425,0.184302,5,31,0,203.228,-170.929
0.989339,0.203997,5,31,0,203.928,-174.026
0.98952,0.22577,4,15,0,215.574,-177.485
0.962639,0.242408,4,15,0,217.334,-173.374
0.633367,0.180325,4,15,0,206.904,-166.345
0.938755,0.188562,5,31,0,201.314,-169.035
0.957138,0.201215,4,15,0,196.97,-174.251
0.836988,0.187899,4,15,0,203.083,-169.115
0.991963,0.208346,5,31,0,201.511,-166.779
0.720247,0.171031,4,15,0,202.495,-174.838
0.991446,0.189501,5,31,0,205.024,-160.21
0.98744,0.208976,5,31,0,187.909,-160.427
0.892687,0.207574,4,15,0,188.104,-161.521
0.902755,0.208479,4,15,0,198.346,-164.768
0.801018,0.187272,4,15,0,201.318,-166.376
0.923041,0.192341,4,15,0,200.86,-158.867
0.914118,0.195612,4,15,0,190.876,-163.118
0.937079,0.20398,4,15,0,192.03,-169.419
0.991343,0.225644,5,31,0,203.757,-168.263
0.929395,0.233257,4,15,0,198.308,-165.4
0.892941,0.231734,4,15,0,211.508,-182.07
0.99019,0.255862,4,15,0,219.563,-168
0.892531,0.254048,4,15,0,209.802,-171.907
0.75101,0.21642,4,15,0,201.979,-165.852
0.979659,0.236169,4,15,0,202.691,-172.319
0.961401,0.252627,4,15,0,217.403,-173.628
0.045703,0.100697,4,15,0,218.322,-177.599
0.994244,0.111705,5,31,0,212.738,-178.003
0.995956,0.124107,5,31,0,207.761,-162.156
0.930467,0.128489,5,31,0,198.67,-159.619
0.989718,0.141731,5,31,0,190.462,-165.354
0.999824,0.157993,5,31,0,191.238,-162.16
0.970274,0.170594,5,31,0,193.006,-160.938
0.99039,0.188154,5,31,0,196.841,-164.833
0.97212,0.203465,5,31,0,197.224,-164.163
0.923253,0.208827,4,15,0,202.815,-168.525
0.999174,0.232319,4,15,0,195.625,-159.635
0.942666,0.24334,4,15,0,190.357,-162.004
0.927321,0.25074,4,15,0,197.367,-170.604
0.999129,0.278737,4,15,0,202.017,-167.821
0.889878,0.275996,4,15,0,197.116,-168.091
0.996203,0.305736,4,15,0,198.456,-165.296
0.612986,0.226098,4,15,0,209.877,-171.821
1,0.251462,4,15,0,225.751,-182.419
1,0.279589,4,15,0,202.909,-175.281
0.985231,0.305991,4,15,0,202.984,-166.46
0.639723,0.233101,4,15,0,201.785,-173
0.501854,0.15383,4,15,0,214.505,-174.779
0.999493,0.170961,5,31,0,207.629,-168.988
0.989393,0.187952,5,31,0,200.751,-164.077
0.899856,0.188173,5,31,0,203.325,-172.924
1,0.20909,4,15,0,202.339,-168.464
0.983889,0.228409,4,15,0,198.09,-162.526
0.956055,0.242349,4,15,0,197.421,-166.38
0.470725,0.155452,4,15,0,202.338,-166.38
0.986215,0.17023,5,31,0,197.118,-166.475
0.911774,0.172563,5,31,0,200.668,-168.521
0.987077,0.189064,5,31,0,199.572,-167.509
0.992297,0.208209,5,31,0,199.947,-166.086
0.97565,0.225339,4,15,0,200.086,-165.144
0.950048,0.237491,4,15,0,198.263,-167.255
1,0.263437,4,15,0,190.573,-163.547
0.98054,0.286365,4,15,0,194.856,-165.921
0.692143,0.231613,4,15,0,198.409,-173.182
0.947382,0.243362,4,15,0,214.142,-177.869
0.99021,0.267109,4,15,0,212.107,-173.648
0.893549,0.265572,4,15,0,211.191,-171.428
0.933237,0.274946,4,15,0,204.952,-171.489
0.985322,0.300121,4,15,0,198.908,-172.097
0.997685,0.331668,4,15,0,204.029,-167.409
0.928897,0.341722,4,15,0,196.78,-159.001
1,0.378369,4,15,0,179.058,-156.637
8.30031e-07,0.15216,4,15,0,191.62,-162.258
0.977485,0.164812,5,31,0,191.18,-164.008
0.934219,0.170849,5,31,0,203.637,-169.083
0.920453,0.174648,5,31,0,209.367,-171.362
0.88735,0.172666,5,31,0,209.518,-172.603
0.94434,0.180786,5,31,0,207.452,-172.648
1,0.200153,5,31,0,203.231,-177.426
1,0.221538,4,15,0,209.086,-166.384
0.103531,0.0998097,4,15,0,198.393,-166.384
0.99347,0.109821,6,63,0,207.044,-163.031
0.999265,0.121509,5,31,0,191.593,-160.053
0.999128,0.134389,5,31,0,185.894,-161.136
0.966502,0.14384,5,31,0,200.143,-160.496
0.983718,0.156591,5,31,0,196.177,-162.375
0.987685,0.17111,5,31,0,199.007,-169.699
0.983934,0.186239,5,31,0,201.687,-158.497
0.945127,0.195006,4,15,0,191.132,-167.329
0.971844,0.209642,4,15,0,207.57,-170.648
0.995084,0.230581,4,15,0,201.043,-164.974
0.978347,0.249389,4,15,0,196.737,-166.485
0.95838,0.264415,4,15,0,201.989,-164.509
0.955591,0.279536,4,15,0,195.976,-167.72
0.666133,0.222165,4,15,0,214.116,-177.535
0.997319,0.244733,4,15,0,217.92,-174.257
1,0.270241,4,15,0,202.384,-164.049
0.997884,0.297717,4,15,0,193.883,-163.763
0.906165,0.299708,4,15,0,188.839,-159.008
0.456781,0.194292,4,15,0,196.936,-159.008
0.857471,0.186586,4,15,0,197.253,-164.552
0.988365,0.203649,5,31,0,195.407,-163.081
0.993589,0.223361,5,31,0,187.272,-154.646
0.987016,0.243364,4,15,0,179.592,-153.148
0.817011,0.224667,4,15,0,182.276,-157.807
0.951834,0.236504,4,15,0,187.553,-165.737
1,0.260856,4,15,0,203.177,-177.386
0.445443,0.167967,4,15,0,223.424,-180.521
1,0.185294,5,31,0,213.508,-173.401
0.968767,0.198275,5,31,0,198.343,-168.217
0.996657,0.21793,4,15,0,196.311,-155.988
0.892965,0.216663,4,15,0,177.056,-155.063
0.798983,0.196741,4,15,0,190.221,-158.657
0.902522,0.197433,5,31,0,194.49,-162.165
0.95213,0.207812,4,15,0,203.113,-172.894
0.976313,0.223853,4,15,0,209.869,-175.309
0.912573,0.226781,4,15,0,204.654,-174.105
1,0.24983,4,15,0,199.587,-162.642
8.82884e-37,0.105588,4,15,0,189.006,-162.642
0.986834,0.114938,5,31,0,199.848,-167.786
0.945384,0.120234,5,31,0,202.83,-167.448
0.998477,0.132299,5,31,0,197.851,-166.787
0.995615,0.145145,5,31,0,195.846,-165.371
0.997059,0.159424,5,31,0,200.52,-167.466
0.916304,0.162126,5,31,0,226.36,-175.992
0.961575,0.172113,5,31,0,214.927,-185.001
1,0.189477,5,31,0,217.216,-174.122
1,0.208547,5,31,0,205.422,-167.441
0.888264,0.206444,4,15,0,205.642,-166.774
0.957921,0.218287,5,31,0,201.363,-168.269
1,0.240141,4,15,0,199.711,-163.536
1,0.264126,4,15,0,180.973,-154.98
0.850715,0.252313,4,15,0,193.146,-164.345
0.354623,0.151078,4,15,0,196.416,-166.222
0.998443,0.165957,5,31,0,196.67,-163.045
0.967855,0.177099,5,31,0,201.647,-170.475
1,0.19475,5,31,0,197.845,-168.86
0.983557,0.21084,5,31,0,203.07,-167.769
0.962724,0.223809,5,31,0,203.1,-164.752
0.975357,0.240369,4,15,0,190.497,-160.491
1,0.264127,4,15,0,188.683,-158.033
0.939847,0.274328,4,15,0,197.184,-157.562
0.956762,0.289429,4,15,0,186.831,-162.069
0.74125,0.24979,4,15,0,191.901,-165.302
0.967502,0.266182,4,15,0,200.311,-167.523
0.00371992,0.115786,4,15,0,199.878,-171.276
0.999405,0.127181,5,31,0,201.111,-166.854
0.983795,0.137663,5,31,0,204.722,-174.389
0.994977,0.150534,5,31,0,206.264,-167.701
0.985915,0.163202,5,31,0,195.319,-164.474
0.757477,0.143225,5,31,0,202.044,-168.228
0.996427,0.156774,5,31,0,197.857,-155.56
0.988295,0.170289,5,31,0,179.458,-150.954
0.943202,0.177408,5,31,0,185.528,-163.175
0.939765,0.184225,5,31,0,198.35,-155.547
0.923487,0.188446,5,31,0,189.472,-156.883
0.928012,0.193558,5,31,0,189.382,-154.019
0.909357,0.195422,5,31,0,184.912,-162.555
0.993018,0.213028,5,31,0,192.597,-161.151
0.841946,0.202178,4,15,0,201.048,-166.532
0.990125,0.219763,5,31,0,197.6,-171.199
0.979501,0.236527,4,15,0,201.423,-168.883
0.472954,0.160287,4,15,0,201.571,-166.47
0.805162,0.14718,5,31,0,198.854,-164.673
0.934294,0.152043,5,31,0,208.37,-185.344
1,0.166735,5,31,0,217.848,-180.74
0.996677,0.182261,5,31,0,210.192,-182.136
1,0.199797,5,31,0,207.353,-161.823
0.943623,0.208059,5,31,0,193.218,-165.586
0.859575,0.200754,4,15,0,194.045,-159.178
0.978131,0.215672,4,15,0,193.931,-162.586
0.97664,0.231352,4,15,0,194.874,-157.606
0.963283,0.24516,4,15,0,185.778,-166.609
1,0.268514,4,15,0,210.429,-173.152
0.912316,0.271684,4,15,0,197.817,-161.557
0.636056,0.214323,4,15,0,187.466,-163.556
0.975685,0.229626,5,31,0,192.708,-159.852
0.959964,0.242535,4,15,0,188.565,-161.236
0.986111,0.262228,4,15,0,188.434,-160.937
0.306433,0.154053,4,15,0,198.703,-161.009
0.980837,0.165825,5,31,0,199.194,-165.625
0.986123,0.179317,5,31,0,199.785,-170.465
0.983494,0.193421,5,31,0,208.916,-177.633
0.203345,0.103881,5,31,0,222.169,-179.519
0.991647,0.112914,5,31,0,211.817,-174.737
0.999636,0.12359,5,31,0,207.67,-172.573
0.992031,0.134337,5,31,0,212.294,-175.869
0.998256,0.146806,5,31,0,204.866,-160.943
0.990322,0.159276,5,31,0,188.347,-161.188
0.988114,0.172439,5,31,0,197.992,-167.621
0.903221,0.173114,5,31,0,208.826,-164.794
0.980056,0.186041,5,31,0,196.792,-170.746
0.982534,0.200345,5,31,0,209.231,-170.87
0.782101,0.180658,5,31,0,219.21,-170.87
0.964625,0.19147,5,31,0,205.958,-169.605
0.982342,0.206105,5,31,0,206.517,-172.173
0.991635,0.223653,4,15,0,212.126,-173.898
0.999076,0.244253,4,15,0,204.4,-163.117
0.989924,0.264564,4,15,0,194.903,-165.997
0.983519,0.28491,4,15,0,190.771,-166.389
0.982508,0.306504,4,15,0,195.729,-160.122
0.7585,0.270821,4,15,0,198.573,-166.436
0.59556,0.207472,4,15,0,199.528,-167.932
0.98706,0.224109,4,15,0,201.875,-171.623
0.93242,0.230739,4,15,0,205.302,-165.181
1,0.252016,4,15,0,194.779,-163.962
0.978136,0.270001,4,15,0,188.823,-158.271
0.66836,0.220696,4,15,0,198.399,-172.169
0.966586,0.234074,4,15,0,210.757,-165.673
0.964063,0.24769,4,15,0,199.094,-166.504
1,0.270399,4,15,0,186.534,-161.166
0.85239,0.259581,4,15,0,198.719,-166.856
0.960089,0.273664,4,15,0,204.061,-167.886
0.956809,0.28766,4,15,0,205.921,-172.81
0.502393,0.203868,4,15,0,209.99,-173.54
0.869339,0.19869,4,15,0,217.302,-173.448
1,0.216843,4,15,0,206.203,-168.792
0.982312,0.233023,5,31,0,200.108,-166.781
0.944764,0.242385,4,15,0,200.407,-170.444
0.998788,0.264139,4,15,0,204.016,-165.911
0.953915,0.276875,4,15,0,196.225,-165.045
0.162524,0.146744,4,15,0,201.462,-165.167
0.99766,0.159795,5,31,0,195.028,-166.806
0.870389,0.155941,5,31,0,199.261,-163.516
0.996281,0.200602,5,31,0,191.422,-166.348
0.986547,0.200602,6,63,0,194.461,-165.103
0.977735,0.200602,5,31,0,192.169,-163.302
0.92722,0.200602,4,15,0,203.744,-171.555
0.991536,0.200602,4,15,0,207.885,-166.86
1,0.200602,4,15,0,194.346,-163.19
0.853284,0.200602,4,15,0,207.823,-172.963
0.988144,0.200602,5,31,0,210.584,-174.134
0.927697,0.200602,6,63,0,209.221,-176.767
1,0.200602,4,15,0,208.065,-170.328
0.963106,0.200602,5,31,0,204.563,-172.179
1,0.200602,4,15,0,202.991,-162.05
0.985317,0.200602,5,31,0,192.394,-166.018
0.931996,0.200602,4,15,0,207.952,-174.69
1,0.200602,4,15,0,207.793,-171.683
0.91424,0.200602,4,15,0,205.695,-175.446
0.977869,0.200602,4,15,0,221.033,-182.821
0.995204,0.200602,4,15,0,213.275,-179.628
1,0.200602,4,15,0,210.446,-166.971
0.977878,0.200602,5,31,0,202.038,-170.031
0.97869,0.200602,5,31,0,196.255,-165.938
0.941827,0.200602,4,15,0,192.797,-160.841
1,0.200602,4,15,0,186.291,-158.585
0.983514,0.200602,4,15,0,183.19,-161.164
0.894242,0.200602,4,15,0,193.435,-168.95
0.957819,0.200602,5,31,0,201.244,-166.367
0.986897,0.200602,5,31,0,194.763,-165.532
1,0.200602,4,15,0,190.771,-163.194
0.889551,0.200602,4,15,0,199.824,-173.383
0.99969,0.200602,5,31,0,211.254,-174.268
0.701704,0.200602,5,31,0,213.714,-174.268
0.982013,0.200602,5,31,0,202.26,-176.77
0.989681,0.200602,5,31,0,213.838,-174.908
0.999565,0.200602,4,15,0,207.193,-161.797
0.788518,0.200602,4,15,0,218.761,-187.025
0.994831,0.200602,4,15,0,225.326,-185.399
0.996063,0.200602,5,31,0,217.013,-177.497
0.9962,0.200602,5,31,0,207.911,-168.463
1,0.200602,4,15,0,193.18,-161.889
1,0.200602,4,15,0,186.407,-156.203
0.924311,0.200602,5,31,0,182.356,-157.456
0.962256,0.200602,5,31,0,187.862,-157.014
0.938382,0.200602,5,31,0,192.703,-167.53
0.504373,0.200602,5,31,0,203.969,-167.53
0.740991,0.200602,4,15,0,202.538,-169.544
0.995275,0.200602,5,31,0,194.34,-166.302
0.987231,0.200602,5,31,0,192.858,-164.088
0.935943,0.200602,4,15,0,202.231,-174.567
0.980636,0.200602,4,15,0,200.721,-165.017
1,0.200602,4,15,0,188.379,-164.4
0.957027,0.200602,5,31,0,192.837,-163.269
0.867541,0.200602,5,31,0,197.174,-169.715
0.923443,0.200602,5,31,0,195.612,-163.352
0.924949,0.200602,4,15,0,192.05,-156.113
0.928515,0.200602,4,15,0,182.753,-157.333
0.927095,0.200602,4,15,0,193.172,-165.472
0.969298,0.200602,5,31,0,205.397,-165.626
0.890132,0.200602,4,15,0,205.218,-171.647
0.995259,0.200602,4,15,0,195.717,-156.359
0.952862,0.200602,5,31,0,183.98,-160.207
0.981028,0.200602,4,15,0,184.739,-156.008
0.415553,0.200602,4,15,0,184.461,-160.45
0.977777,0.200602,5,31,0,187.033,-162.028
0.889769,0.200602,5,31,0,190.498,-161.866
0.952827,0.200602,4,15,0,191.92,-166.526
0.896917,0.200602,5,31,0,217.838,-172.386
0.972776,0.200602,5,31,0,198.799,-161.236
0.92414,0.200602,5,31,0,193.067,-164.657
0.842767,0.200602,4,15,0,197.816,-174.14
1,0.200602,4,15,0,204.848,-164.94
0.974742,0.200602,4,15,0,202.206,-168.903
0.973515,0.200602,5,31,0,198.978,-165.729
0.932992,0.200602,4,15,0,202.241,-170.706
0.927748,0.200602,4,15,0,197.651,-155.094
0.924005,0.200602,4,15,0,188.633,-163.656
0.94164,0.200602,4,15,0,205.328,-161.066
0.964435,0.200602,5,31,0,191.603,-162.617
0.957394,0.200602,4,15,0,202.515,-163.365
0.930055,0.200602,5,31,0,199.78,-166.895
0.916245,0.200602,5,31,0,205.51,-164.282
0.897371,0.200602,4,15,0,204.871,-170.267
0.997621,0.200602,5,31,0,205.145,-168.356
0.978617,0.200602,4,15,0,198.758,-168.05
0.936506,0.200602,5,31,0,196.941,-167.755
0.92119,0.200602,5,31,0,198.331,-162.481
0.980695,0.200602,4,15,0,197.248,-161.333
0.97232,0.200602,4,15,0,193.38,-161.581
0.924561,0.200602,4,15,0,194.485,-160.102
0.998291,0.200602,4,15,0,190.494,-154.986
0.877849,0.200602,4,15,0,192.314,-169.566
0.931749,0.200602,5,31,0,206.999,-170.764
0.90583,0.200602,4,15,0,201.846,-164.73
0.92478,0.200602,5,31,0,191.714,-163.882
0.980386,0.200602,4,15,0,199.796,-174.228
1,0.200602,4,15,0,197.192,-169.064
0.94799,0.200602,5,31,0,215.151,-166.336
0.889225,0.200602,5,31,0,199.228,-163.217
0.941135,0.200602,4,15,0,202.536,-165.039
0.946293,0.200602,4,15,0,197.559,-165.657
0.990041,0.200602,5,31,0,198.355,-168.288
1,0.200602,5,31,0,195.039,-161.936
0.960486,0.200602,5,31,0,201.469,-164.579
0.883041,0.200602,4,15,0,198.706,-173.286
0.974265,0.200602,4,15,0,211.16,-177.24
0.991631,0.200602,4,15,0,210.381,-169.621
0.960231,0.200602,4,15,0,199.735,-160.479
0.90076,0.200602,4,15,0,192.079,-170.205
0.936366,0.200602,4,15,0,205.668,-170.763
0.962921,0.200602,5,31,0,204.264,-171.293
0.971431,0.200602,4,15,0,209.449,-177.012
0.978773,0.200602,5,31,0,221.23,-172.679
1,0.200602,5,31,0,200.157,-163.554
0.913684,0.200602,4,15,0,194.762,-171.046
1,0.200602,4,15,0,197.738,-169.378
0.938337,0.200602,6,63,0,205.562,-169.846
0.979553,0.200602,5,31,0,205.343,-172.056
0.984908,0.200602,5,31,0,205.221,-170.627
0.93477,0.200602,5,31,0,209.29,-171.666
0.963418,0.200602,5,31,0,203.084,-166.037
0.911864,0.200602,5,31,0,202.275,-167.614
0.96049,0.200602,5,31,0,196.85,-164.027
0.891543,0.200602,4,15,0,206.401,-180.305
0.988931,0.200602,4,15,0,219.32,-168.115
0.98164,0.200602,5,31,0,201.726,-170.55
0.997313,0.200602,4,15,0,193.314,-160.301
0.961108,0.200602,5,31,0,191.688,-164.208
0.912221,0.200602,4,15,0,196.354,-168.915
0.93011,0.200602,4,15,0,211.848,-177.355
1,0.200602,4,15,0,203.65,-167.258
1,0.200602,5,31,0,190.452,-160.08
0.981622,0.200602,4,15,0,187.8,-165.898
0.998443,0.200602,4,15,0,193.857,-164.93
0.965389,0.200602,5,31,0,194.571,-164.909
0.960907,0.200602,4,15,0,194.64,-164.833
0.997427,0.200602,5,31,0,207.449,-174.795
0.965725,0.200602,4,15,0,200.311,-160.816
0.985152,0.200602,4,15,0,187.406,-166.485
0.991628,0.200602,4,15,0,191.497,-163.013
0.957612,0.200602,5,31,0,201.931,-164.413
0.972347,0.200602,5,31,0,203.218,-170.28
0.988188,0.200602,5,31,0,205.658,-174.091
0.976688,0.200602,5,31,0,207.367,-170.207
0.94341,0.200602,4,15,0,202.591,-163.027
1,0.200602,4,15,0,196.04,-162.935
0.912751,0.200602,4,15,0,198.577,-165.573
0.99906,0.200602,4,15,0,197.891,-163.177
0.965227,0.200602,5,31,0,197.576,-168.798
0.983826,0.200602,4,15,0,208.441,-170.712
0.998881,0.200602,4,15,0,199.361,-161.802
0.980008,0.200602,5,31,0,187.873,-158.466
0.8861,0.200602,5,31,0,182.698,-161.208
0.758277,0.200602,4,15,0,201.132,-173.166
0.994716,0.200602,5,31,0,202.458,-166.572
0.943708,0.200602,5,31,0,203.412,-166.68
0.907963,0.200602,5,31,0,206.917,-170.676
1,0.200602,4,15,0,200.407,-166.542
0.751804,0.200602,5,31,0,196.373,-162.983
0.93941,0.200602,5,31,0,202.265,-160.859
0.96582,0.200602,5,31,0,192.75,-165.064
0.985619,0.200602,5,31,0,194.746,-164.814
0.974382,0.200602,5,31,0,193.027,-156.059
0.917911,0.200602,4,15,0,185.094,-155.907
0.921715,0.200602,4,15,0,184.249,-159.502
0.946097,0.200602,4,15,0,193.037,-159.667
0.989211,0.200602,5,31,0,188.411,-159.313
0.998366,0.200602,4,15,0,191.17,-162.301
0.939749,0.200602,4,15,0,197.534,-164.469
0.928961,0.200602,5,31,0,205.919,-172.26
0.962262,0.200602,5,31,0,210.394,-169.534
0.707013,0.200602,5,31,0,198.46,-168.618
1,0.200602,4,15,0,190.609,-161.595
0.999119,0.200602,4,15,0,188.164,-163.916
0.951875,0.200602,5,31,0,194.426,-166.624
0.994092,0.200602,4,15,0,201.181,-159.156
0.988558,0.200602,5,31,0,180.376,-159.457
0.78272,0.200602,4,15,0,191.775,-168.96
0.914746,0.200602,4,15,0,215.442,-185.808
0.885404,0.200602,5,31,0,228.95,-177.718
0.908501,0.200602,5,31,0,216.16,-182.433
0.807574,0.200602,5,31,0,220.487,-172.974
0.979783,0.200602,5,31,0,206.848,-165.509
0.993752,0.200602,5,31,0,198.391,-164.656
0.910551,0.200602,5,31,0,198.017,-165.66
0.925196,0.200602,4,15,0,208.596,-174.699
0.968619,0.200602,5,31,0,208.854,-165.61
0.988024,0.200602,4,15,0,185.063,-146.612
0.832015,0.200602,4,15,0,181.596,-155.883
0.974685,0.200602,5,31,0,182.482,-151.144
0.915768,0.200602,5,31,0,183.273,-155.25
0.805817,0.200602,4,15,0,198.885,-158.884
0.946356,0.200602,4,15,0,189.205,-162.528
0.991335,0.200602,4,15,0,190.141,-160.229
0.993355,0.200602,5,31,0,180.088,-154.896
0.933004,0.200602,4,15,0,185.384,-163.504
0.837662,0.200602,4,15,0,203.702,-168.497
0.999466,0.200602,5,31,0,201.069,-167.602
0.978658,0.200602,5,31,0,204.107,-169.717
0.992429,0.200602,4,15,0,195.532,-161.222
0.713322,0.200602,5,31,0,191.243,-161.233
0.965644,0.200602,4,15,0,192.023,-164.687
0.996829,0.200602,4,15,0,193.034,-159.195
0.793763,0.200602,4,15,0,200.352,-173.188
0.975529,0.200602,4,15,0,211.073,-163.626
0.873631,0.200602,4,15,0,198.325,-162.78
0.0481336,0.200602,4,15,0,202.708,-166.337
0.783418,0.200602,4,15,0,196.007,-162.698
0.926916,0.200602,5,31,0,195.987,-164.361
0.982995,0.200602,5,31,0,198.398,-168.138
1,0.200602,4,15,0,199.934,-162.173
0.966511,0.200602,4,15,0,195.764,-167.774
0.201999,0.200602,5,31,0,195.263,-164.137
0.948761,0.200602,4,15,0,196.258,-164.574
0.987145,0.200602,4,15,0,193.33,-161.573
0.968528,0.200602,4,15,0,190.84,-164.211
0.81601,0.200602,4,15,0,204.437,-168.418
1,0.200602,4,15,0,203.169,-162.354
0.919414,0.200602,4,15,0,202.092,-154.501
0.804631,0.200602,4,15,0,189.833,-158.413
0.971735,0.200602,5,31,0,191.739,-168.228
0.971591,0.200602,5,31,0,200.526,-167.171
0.996981,0.200602,5,31,0,199.066,-166.413
0.945071,0.200602,5,31,0,207.111,-173.923
0.953243,0.200602,5,31,0,209.996,-170.056
1,0.200602,5,31,0,198.943,-163.99
1,0.200602,5,31,0,188.732,-161.539
0.977212,0.200602,5,31,0,189.703,-169.571
0.955505,0.200602,5,31,0,209.026,-171.511
1,0.200602,4,15,0,203.686,-159.737
0.897597,0.200602,4,15,0,196.926,-159.926
0.982152,0.200602,4,15,0,186.487,-163.077
4.17669e-07,0.200602,6,47,0,195.563,-167.784
0.987136,0.200602,4,15,0,199.996,-160.238
0.889408,0.200602,4,15,0,190.443,-162.44
0.945709,0.200602,4,15,0,196.633,-171.818
0.96798,0.200602,5,31,0,205.81,-172.01
0.820479,0.200602,4,15,0,203.748,-168.939
0.978385,0.200602,4,15,0,188.713,-151.702
0.667282,0.200602,4,15,0,194.259,-173.112
0.991037,0.200602,4,15,0,208.53,-171.9
0.971017,0.200602,4,15,0,203.156,-172.409
0.983801,0.200602,5,31,0,212.401,-171.021
1,0.200602,5,31,0,194.474,-160.029
0.732214,0.200602,5,31,0,203.629,-168.348
0.941515,0.200602,5,31,0,203.695,-178.75
1,0.200602,5,31,0,205.527,-169.119
0.988895,0.200602,4,15,0,197.496,-161.22
0.850492,0.200602,4,15,0,196.622,-165.753
0.954039,0.200602,4,15,0,206.161,-176.103
0.74243,0.200602,5,31,0,221.033,-185.942
0.977772,0.200602,4,15,0,223.736,-179.528
0.999557,0.200602,4,15,0,215.977,-177.54
0.66293,0.200602,5,31,0,213.051,-172.152
0.987218,0.200602,5,31,0,211.888,-176.375
0.985676,0.200602,5,31,0,217.269,-173.473
0.998097,0.200602,4,15,0,201.708,-167.171
0.958672,0.200602,4,15,0,201.07,-169.454
0.856506,0.200602,5,31,0,207.872,-179.059
0.992366,0.200602,4,15,0,211.483,-179.967
0.993223,0.200602,5,31,0,217.838,-179.143
0.95988,0.200602,5,31,0,214.602,-173.028
0.982559,0.200602,5,31,0,208.608,-171.124
0.998235,0.200602,5,31,0,199.448,-166.794
0.972725,0.200602,5,31,0,196.709,-160.775
0.973854,0.200602,4,15,0,194.717,-160.26
0.902342,0.200602,4,15,0,199.015,-163.583
0.849948,0.200602,4,15,0,192.095,-159.313
0.871016,0.200602,5,31,0,201.73,-175.236
0.986675,0.200602,4,15,0,206.034,-162.834
0.997647,0.200602,4,15,0,188.116,-164.992
1,0.200602,5,31,0,195.491,-164.85
0.872464,0.200602,5,31,0,194.766,-160.992
0.9554,0.200602,4,15,0,193.151,-161.035
0.918585,0.200602,4,15,0,190.554,-165.964
0.979271,0.200602,5,31,0,204.121,-169.815
0.96672,0.200602,4,15,0,200.336,-166.392
0.98575,0.200602,5,31,0,194.703,-166.415
1,0.200602,4,15,0,193.071,-163.846
0.806054,0.200602,4,15,0,203.019,-157.062
0.959564,0.200602,4,15,0,195.036,-166.589
0.521264,0.200602,5,31,0,206.988,-172.477
0.993728,0.200602,4,15,0,204.152,-166.372
0.998019,0.200602,5,31,0,196.493,-160.786
0.972203,0.200602,4,15,0,191.292,-157.368
0.900862,0.200602,5,31,0,197.304,-161.911
0.975514,0.200602,5,31,0,194.11,-163.932
0.986169,0.200602,4,15,0,199.626,-160.241
0.993531,0.200602,5,31,0,191.579,-163.223
0.963424,0.200602,4,15,0,203.068,-171.65
0.439678,0.200602,5,31,0,204.199,-176.199
1,0.200602,5,31,0,209.108,-171.544
1,0.200602,5,31,0,194.731,-159.203
0.996492,0.200602,4,15,0,183.989,-153.34
0.945216,0.200602,4,15,0,181.347,-161.567
0.955837,0.200602,5,31,0,197.51,-164.3
0.916136,0.200602,4,15,0,205.703,-175.297
0.996098,0.200602,5,31,0,207.44,-174.345
1,0.200602,4,15,0,198.487,-166.826
0.985779,0.200602,5,31,0,202.519,-170.887
0.715046,0.200602,5,31,0,212.245,-172.098
0.969073,0.200602,4,15,0,210.325,-168.753
0.994435,0.200602,4,15,0,206.798,-172.279
0.693642,0.200602,5,31,0,198.203,-170.709
0.998866,0.200602,5,31,0,205.179,-172.358
0.197873,0.200602,4,15,0,205.059,-162.253
0.968043,0.200602,4,15,0,191.731,-162.441
0.868753,0.200602,4,15,0,192.464,-159.127
0.985873,0.200602,4,15,0,188.919,-162.03
1,0.200602,4,15,0,190.166,-160.99
0.977349,0.200602,4,15,0,198.14,-165.333
0.964786,0.200602,5,31,0,203.214,-168.385
1,0.200602,4,15,0,194.208,-160.183
0.889916,0.200602,5,31,0,200.96,-165.835
0.993676,0.200602,5,31,0,197.216,-165.582
0.842264,0.200602,4,15,0,194.714,-162.304
0.973825,0.200602,5,31,0,201.075,-159.891
0.956198,0.200602,4,15,0,192.424,-164.626
0.968845,0.200602,4,15,0,203.992,-166.207
0.916301,0.200602,4,15,0,211.228,-176.558
0.991514,0.200602,4,15,0,205.687,-170.305
0.954205,0.200602,5,31,0,205.65,-173.215
1,0.200602,4,15,0,193.973,-160.777
0.898856,0.200602,4,15,0,194.516,-163.044
0.993527,0.200602,5,31,0,193.134,-161.477
0.999519,0.200602,4,15,0,181.201,-159.638
0.977121,0.200602,5,31,0,186.877,-157.839
0.860437,0.200602,4,15,0,197.33,-175.537
1,0.200602,4,15,0,207.419,-170.841
0.999307,0.200602,5,31,0,204.289,-173.641
0.984285,0.200602,4,15,0,217.548,-179.114
1,0.200602,4,15,0,203.539,-164.583
0.77401,0.200602,4,15,0,212.201,-179.536
1,0.200602,4,15,0,206.792,-163.088
0.921239,0.200602,4,15,0,196.172,-169.329
0.893026,0.200602,4,15,0,208.589,-170.042
0.976472,0.200602,5,31,0,207.842,-177.294
0.995338,0.200602,5,31,0,216.162,-177.006
1,0.200602,5,31,0,208.736,-165.171
0.95256,0.200602,5,31,0,198.151,-167.479
0.967443,0.200602,5,31,0,197.328,-162.24
0.961542,0.200602,5,31,0,196.126,-165.286
0.952632,0.200602,5,31,0,198.104,-170.109
0.835837,0.200602,4,15,0,212.035,-174.922
0.946412,0.200602,4,15,0,211.673,-178.212
0.996006,0.200602,5,31,0,211.639,-175.67
0.996983,0.200602,5,31,0,207.157,-168.65
0.883398,0.200602,5,31,0,196.994,-169.168
0.996393,0.200602,5,31,0,196.94,-164.748
0.938482,0.200602,4,15,0,205.709,-171.925
0.985868,0.200602,4,15,0,202.88,-162.933
0.978184,0.200602,4,15,0,202.43,-164.004
0.858078,0.200602,4,15,0,201.316,-171.211
0.924811,0.200602,4,15,0,218.615,-190.374
0.978233,0.200602,5,31,0,229.734,-181.564
1,0.200602,5,31,0,210.392,-172.677
0.982358,0.200602,5,31,0,205.835,-174.516
0.984759,0.200602,4,15,0,203.483,-167.688
0.995154,0.200602,4,15,0,198.801,-169.499
0.958096,0.200602,4,15,0,212.815,-168.914
0.980996,0.200602,5,31,0,206.919,-168.049
0.871267,0.200602,5,31,0,206.215,-166.746
0.946292,0.200602,5,31,0,205.7,-171.433
0.934664,0.200602,5,31,0,209.591,-175.398
1,0.200602,5,31,0,212.642,-173.219
0.875423,0.200602,4,15,0,203.267,-171.63
0.353536,0.200602,5,31,0,206.811,-178.405
0.955929,0.200602,5,31,0,210.315,-172.522
0.996996,0.200602,5,31,0,207.647,-178.22
1,0.200602,4,15,0,205.92,-170.212
0.983964,0.200602,5,31,0,207.219,-174.734
0.973941,0.200602,5,31,0,210.879,-172.207
0.995958,0.200602,4,15,0,201.944,-168.405
0.986488,0.200602,6,63,0,203.328,-168.406
0.984216,0.200602,5,31,0,199.985,-169.181
0.988159,0.200602,5,31,0,199.318,-165.498
0.964018,0.200602,4,15,0,191.167,-158.976
0.882,0.200602,4,15,0,196.997,-173.145
0.919812,0.200602,5,31,0,214.405,-176.327
0.997408,0.200602,5,31,0,205.571,-162.155
0.91879,0.200602,5,31,0,195.699,-161.64
0.868177,0.200602,5,31,0,198.002,-170.959
0.932068,0.200602,5,31,0,203.143,-169.713
0.999451,0.200602,5,31,0,200.778,-166.271
0.970839,0.200602,5,31,0,203.857,-170.413
0.99197,0.200602,5,31,0,205.481,-171.048
0.980302,0.200602,4,15,0,195.626,-163.656
0.987322,0.200602,4,15,0,194.567,-157.999
0.843607,0.200602,4,15,0,201.664,-172.379
0.915422,0.200602,5,31,0,216.576,-184.582
1,0.200602,5,31,0,215.445,-176.856
0.992924,0.200602,5,31,0,206.406,-169.185
0.996173,0.200602,5,31,0,202.13,-169.961
0.980842,0.200602,4,15,0,203.777,-168.146
0.937646,0.200602,4,15,0,205.032,-175.908
1,0.200602,4,15,0,206.297,-169.194
0.970336,0.200602,5,31,0,207.24,-172.789
0.920748,0.200602,4,15,0,212.559,-167.986
0.995482,0.200602,5,31,0,200.16,-173.836
0.992765,0.200602,4,15,0,204.399,-175.192
0.840289,0.200602,5,31,0,210.416,-169.918
0.98167,0.200602,4,15,0,202.471,-169.762
0.99356,0.200602,4,15,0,209.311,-179.906
1,0.200602,4,15,0,206.877,-165.522
0.975686,0.200602,4,15,0,191.203,-163.763
0.99844,0.200602,4,15,0,183.42,-152.905
0.880532,0.200602,4,15,0,190.981,-167.351
0.0849581,0.200602,5,31,0,207.649,-169.006
0.908483,0.200602,4,15,0,205.49,-172.323
0.98387,0.200602,5,31,0,204.523,-176.454
0.975733,0.200602,5,31,0,212.403,-175.309
0.38578,0.200602,5,31,0,221.814,-172.536
0.993056,0.200602,5,31,0,201.613,-170.754
0.987456,0.200602,5,31,0,203.159,-167.159
0.975659,0.200602,5,31,0,199.483,-166.501
0.988661,0.200602,5,31,0,198.737,-167.166
0.965856,0.200602,4,15,0,205.939,-170.731
0.993357,0.200602,5,31,0,194.767,-171.463
0.994843,0.200602,4,15,0,205.748,-167.109
0.849272,0.200602,5,31,0,195.295,-162.746
0.907583,0.200602,4,15,0,211.011,-177.108
1,0.200602,5,31,0,202.321,-172.064
0.989578,0.200602,5,31,0,210.107,-172.905
1,0.200602,4,15,0,199.496,-157.592
0.97482,0.200602,5,31,0,183.241,-160.924
0.942245,0.200602,4,15,0,193.303,-161.275
0.950393,0.200602,4,15,0,198.224,-159.276
0.966239,0.200602,4,15,0,191.753,-166.156
0.533808,0.200602,5,31,0,208.869,-176.396
0.973915,0.200602,5,31,0,211.305,-171.085
0.684151,0.200602,4,15,0,203.089,-168.052
0.84791,0.200602,5,31,0,214.24,-175.391
0.926544,0.200602,5,31,0,209.247,-176.322
0.988814,0.200602,4,15,0,210.898,-166.404
0.945601,0.200602,5,31,0,197.949,-170.691
0.861873,0.200602,5,31,0,199.076,-164.656
0.991428,0.200602,5,31,0,189.341,-157.164
0.883848,0.200602,4,15,0,193.107,-172.438
1,0.200602,5,31,0,209.207,-173.063
0.95047,0.200602,4,15,0,202.683,-177.31
1,0.200602,4,15,0,211.206,-171.473
0.985603,0.200602,4,15,0,200.613,-169.561
0.986757,0.200602,5,31,0,204.354,-164.159
0.980987,0.200602,5,31,0,197.77,-168.383
0.969355,0.200602,4,15,0,215.053,-176.999
1,0.200602,4,15,0,201.294,-166.359
0.96342,0.200602,5,31,0,196.119,-159.413
0.84674,0.200602,4,15,0,204.747,-171.717
0.973927,0.200602,4,15,0,206.574,-177.074
0.945364,0.200602,4,15,0,208.038,-152.418
0.928801,0.200602,4,15,0,184.445,-157.59
0.870024,0.200602,4,15,0,197.599,-171.524
0.998602,0.200602,4,15,0,201.563,-164.683
0.995224,0.200602,5,31,0,194.825,-163.847
0.908425,0.200602,4,15,0,202.859,-173.144
0.885171,0.200602,4,15,0,217.124,-178.092
1,0.200602,5,31,0,210.267,-174.183
1,0.200602,4,15,0,211.064,-175.469
0.955085,0.200602,5,31,0,211.477,-180.426
0.972772,0.200602,5,31,0,224.525,-174.537
0.998256,0.200602,5,31,0,207.426,-169.96
0.933454,0.200602,5,31,0,208.392,-173.495
1,0.200602,4,15,0,199.655,-166.216
0.994303,0.200602,5,31,0,195.912,-165.005
0.958863,0.200602,4,15,0,198.024,-171.762
0.915527,0.200602,4,15,0,217.024,-180.542
0.98477,0.200602,5,31,0,220.033,-177.04
0.983342,0.200602,5,31,0,218.405,-167.889
0.935973,0.200602,5,31,0,201.642,-170.915
0.998215,0.200602,5,31,0,193.956,-166.822
0.797274,0.200602,4,15,0,210.168,-177.621
0.795731,0.200602,4,15,0,211.282,-173.214
0.997881,0.200602,5,31,0,205.436,-176.307
1,0.200602,4,15,0,203.022,-170.674
0.901046,0.200602,4,15,0,217.513,-179.777
0.946885,0.200602,4,15,0,218.162,-180.989
0.970413,0.200602,4,15,0,217.383,-172.86
0.944846,0.200602,4,15,0,203.944,-168.912
0.942028,0.200602,4,15,0,207.478,-171.639
0.856091,0.200602,5,31,0,220.639,-174.671
0.980443,0.200602,4,15,0,201.898,-166.494
0.912101,0.200602,4,15,0,193.108,-160.019
0.944354,0.200602,4,15,0,198.665,-163.595
0.953055,0.200602,4,15,0,197.382,-170.536
0.774919,0.200602,4,15,0,203.411,-175.015
1,0.200602,5,31,0,201.951,-174.419
0.998228,0.200602,5,31,0,206.879,-169.784
0.95574,0.200602,5,31,0,207.115,-175.492
0.00923804,0.200602,5,31,0,207.147,-171.592
0.930865,0.200602,4,15,0,194.935,-156.751
0.981327,0.200602,4,15,0,198.807,-170.913
0.972027,0.200602,4,15,0,203.276,-170.81
0.993459,0.200602,5,31,0,206.048,-168.745
0.874245,0.200602,5,31,0,205.672,-168.02
0.838746,0.200602,5,31,0,204.212,-169.208
0.973298,0.200602,5,31,0,199.207,-172.676
0.982926,0.200602,5,31,0,208.889,-174.338
0.992434,0.200602,5,31,0,205.99,-170.463
0.88199,0.200602,5,31,0,210.242,-171.888
0.999127,0.200602,5,31,0,203.972,-171.205
0.996393,0.200602,5,31,0,203.531,-170.482
0.99326,0.200602,4,15,0,204.832,-164.47
